<?xml version="1.0" encoding="UTF-8"?><idempiere Name="SftpCredemtel2Pack" Version="1.0.2" idempiereVersion="" DataBaseVersion="" Description="" Author="" AuthorEmail="" CreatedDate="2025-04-02 15:32:59.846" UpdatedDate="2025-04-10 17:16:57.975" PackOutVersion="100" UpdateDictionary="false" Client="0-SYSTEM-System" AD_Client_UU="11237b53-9592-4af1-b3c5-afd216514b5d">
    <AD_Process type="table">
        <AD_Client_ID>0</AD_Client_ID>
        <AD_Org_ID>0</AD_Org_ID>
        <IsActive>Y</IsActive>
        <Name>To Credemtel </Name>
        <Description>Sending to Credemtel xml so invoices and csv po invoices</Description>
        <Help/>
        <ProcedureName/>
        <IsReport>N</IsReport>
        <Value>10000001</Value>
        <IsDirectPrint>N</IsDirectPrint>
        <AD_ReportView_ID reference="id"/>
        <Classname>com.metalsistem.credemsftp.ToCredemProcess</Classname>
        <AccessLevel>3</AccessLevel>
        <EntityType>msspa</EntityType>
        <Statistic_Count>25</Statistic_Count>
        <Statistic_Seconds>106</Statistic_Seconds>
        <AD_PrintFormat_ID reference="id"/>
        <WorkflowValue/>
        <AD_Workflow_ID reference="id"/>
        <IsBetaFunctionality>N</IsBetaFunctionality>
        <ShowHelp>Y</ShowHelp>
        <JasperReport/>
        <AD_Form_ID reference="id"/>
        <CopyFromProcess>N</CopyFromProcess>
        <AD_Process_UU>5342acc7-cfcf-4ca9-9d63-439bb84f843f</AD_Process_UU>
        <AD_CtxHelp_ID reference="id"/>
        <ExecutionType/>
        <AllowMultipleExecution>P</AllowMultipleExecution>
        <FileNamePattern/>
        <AD_Image_ID reference="id"/>
        <LIT_isBatchPrint>N</LIT_isBatchPrint>
        <ParameterValue/>
        <IsMultiRowOnly>N</IsMultiRowOnly>
        <AD_Process_Trl type="translation">
            <Description/>
            <Help/>
            <Name>To Credemtel</Name>
            <AD_Language>es_ES</AD_Language>
            <IsActive>Y</IsActive>
            <IsTranslated>N</IsTranslated>
        </AD_Process_Trl>
        <AD_Process_Trl type="translation">
            <Description/>
            <Help/>
            <Name>To Credemtel</Name>
            <AD_Language>fr_FR</AD_Language>
            <IsActive>Y</IsActive>
            <IsTranslated>N</IsTranslated>
        </AD_Process_Trl>
        <AD_Process_Trl type="translation">
            <Description>Invio a Credemtel xml fatture attive e csv protocollazione fatture passive</Description>
            <Help/>
            <Name>To Credemtel</Name>
            <AD_Language>it_IT</AD_Language>
            <IsActive>Y</IsActive>
            <IsTranslated>Y</IsTranslated>
        </AD_Process_Trl>
        <AD_Process_Trl type="translation">
            <Description/>
            <Help/>
            <Name>To Credemtel</Name>
            <AD_Language>de_DE</AD_Language>
            <IsActive>Y</IsActive>
            <IsTranslated>N</IsTranslated>
        </AD_Process_Trl>
        <AD_Process_Para type="table">
            <AD_Client_ID>0</AD_Client_ID>
            <AD_Org_ID>0</AD_Org_ID>
            <IsActive>Y</IsActive>
            <Name>Sftp Address</Name>
            <Description/>
            <Help/>
            <AD_Process_ID reference="uuid" reference-key="AD_Process">5342acc7-cfcf-4ca9-9d63-439bb84f843f</AD_Process_ID>
            <SeqNo>30</SeqNo>
            <AD_Reference_ID reference="id">10</AD_Reference_ID>
            <AD_Reference_Value_ID reference="id"/>
            <IsRange>N</IsRange>
            <AD_Val_Rule_ID reference="id"/>
            <FieldLength>50</FieldLength>
            <IsMandatory>Y</IsMandatory>
            <DefaultValue>sftp.credemtel.it</DefaultValue>
            <VFormat/>
            <ValueMin/>
            <ValueMax/>
            <ColumnName>SftpAddress</ColumnName>
            <DefaultValue2/>
            <IsCentrallyMaintained>N</IsCentrallyMaintained>
            <EntityType>msspa</EntityType>
            <AD_Element_ID reference="id"/>
            <ReadOnlyLogic/>
            <DisplayLogic/>
            <AD_Process_Para_UU>04a95b9b-cf12-4663-b4a5-6abbf290a402</AD_Process_Para_UU>
            <IsEncrypted>N</IsEncrypted>
            <MandatoryLogic/>
            <Query/>
            <AD_FieldGroup_ID reference="id"/>
            <Placeholder/>
            <Placeholder2/>
            <IsAutocomplete>N</IsAutocomplete>
            <DateRangeOption>D</DateRangeOption>
            <IsShowNegateButton>N</IsShowNegateButton>
            <AD_Process_Para_Trl type="translation">
                <Description/>
                <Help/>
                <Name>Sftp Address</Name>
                <Placeholder/>
                <Placeholder2/>
                <AD_Language>de_DE</AD_Language>
                <IsActive>Y</IsActive>
                <IsTranslated>N</IsTranslated>
            </AD_Process_Para_Trl>
            <AD_Process_Para_Trl type="translation">
                <Description/>
                <Help/>
                <Name>Sftp Address</Name>
                <Placeholder/>
                <Placeholder2/>
                <AD_Language>es_ES</AD_Language>
                <IsActive>Y</IsActive>
                <IsTranslated>N</IsTranslated>
            </AD_Process_Para_Trl>
            <AD_Process_Para_Trl type="translation">
                <Description/>
                <Help/>
                <Name>Sftp Address</Name>
                <Placeholder/>
                <Placeholder2/>
                <AD_Language>fr_FR</AD_Language>
                <IsActive>Y</IsActive>
                <IsTranslated>N</IsTranslated>
            </AD_Process_Para_Trl>
            <AD_Process_Para_Trl type="translation">
                <Description/>
                <Help/>
                <Name>Indirizzo sftp</Name>
                <Placeholder/>
                <Placeholder2/>
                <AD_Language>it_IT</AD_Language>
                <IsActive>Y</IsActive>
                <IsTranslated>Y</IsTranslated>
            </AD_Process_Para_Trl>
        </AD_Process_Para>
        <AD_Process_Para type="table">
            <AD_Client_ID>0</AD_Client_ID>
            <AD_Org_ID>0</AD_Org_ID>
            <IsActive>Y</IsActive>
            <Name>Sftp Port</Name>
            <Description/>
            <Help/>
            <AD_Process_ID reference="uuid" reference-key="AD_Process">5342acc7-cfcf-4ca9-9d63-439bb84f843f</AD_Process_ID>
            <SeqNo>40</SeqNo>
            <AD_Reference_ID reference="id">11</AD_Reference_ID>
            <AD_Reference_Value_ID reference="id"/>
            <IsRange>N</IsRange>
            <AD_Val_Rule_ID reference="id"/>
            <FieldLength>0</FieldLength>
            <IsMandatory>Y</IsMandatory>
            <DefaultValue>22</DefaultValue>
            <VFormat/>
            <ValueMin/>
            <ValueMax/>
            <ColumnName>SftpPort</ColumnName>
            <DefaultValue2/>
            <IsCentrallyMaintained>N</IsCentrallyMaintained>
            <EntityType>msspa</EntityType>
            <AD_Element_ID reference="id"/>
            <ReadOnlyLogic/>
            <DisplayLogic/>
            <AD_Process_Para_UU>38e34ecf-3623-4a19-8890-3065f8dae5b5</AD_Process_Para_UU>
            <IsEncrypted>N</IsEncrypted>
            <MandatoryLogic/>
            <Query/>
            <AD_FieldGroup_ID reference="id"/>
            <Placeholder/>
            <Placeholder2/>
            <IsAutocomplete>N</IsAutocomplete>
            <DateRangeOption>D</DateRangeOption>
            <IsShowNegateButton>N</IsShowNegateButton>
            <AD_Process_Para_Trl type="translation">
                <Description/>
                <Help/>
                <Name>Sftp Port</Name>
                <Placeholder/>
                <Placeholder2/>
                <AD_Language>es_ES</AD_Language>
                <IsActive>Y</IsActive>
                <IsTranslated>N</IsTranslated>
            </AD_Process_Para_Trl>
            <AD_Process_Para_Trl type="translation">
                <Description/>
                <Help/>
                <Name>Sftp Port</Name>
                <Placeholder/>
                <Placeholder2/>
                <AD_Language>fr_FR</AD_Language>
                <IsActive>Y</IsActive>
                <IsTranslated>N</IsTranslated>
            </AD_Process_Para_Trl>
            <AD_Process_Para_Trl type="translation">
                <Description/>
                <Help/>
                <Name>Porta sftp</Name>
                <Placeholder/>
                <Placeholder2/>
                <AD_Language>it_IT</AD_Language>
                <IsActive>Y</IsActive>
                <IsTranslated>Y</IsTranslated>
            </AD_Process_Para_Trl>
            <AD_Process_Para_Trl type="translation">
                <Description/>
                <Help/>
                <Name>Sftp Port</Name>
                <Placeholder/>
                <Placeholder2/>
                <AD_Language>de_DE</AD_Language>
                <IsActive>Y</IsActive>
                <IsTranslated>N</IsTranslated>
            </AD_Process_Para_Trl>
        </AD_Process_Para>
        <AD_Process_Para type="table">
            <AD_Client_ID>0</AD_Client_ID>
            <AD_Org_ID>0</AD_Org_ID>
            <IsActive>Y</IsActive>
            <Name>Certificate Fingerprint</Name>
            <Description/>
            <Help/>
            <AD_Process_ID reference="uuid" reference-key="AD_Process">5342acc7-cfcf-4ca9-9d63-439bb84f843f</AD_Process_ID>
            <SeqNo>50</SeqNo>
            <AD_Reference_ID reference="id">10</AD_Reference_ID>
            <AD_Reference_Value_ID reference="id"/>
            <IsRange>N</IsRange>
            <AD_Val_Rule_ID reference="id"/>
            <FieldLength>100</FieldLength>
            <IsMandatory>Y</IsMandatory>
            <DefaultValue/>
            <VFormat/>
            <ValueMin/>
            <ValueMax/>
            <ColumnName>CertificateFingerprint</ColumnName>
            <DefaultValue2/>
            <IsCentrallyMaintained>N</IsCentrallyMaintained>
            <EntityType>msspa</EntityType>
            <AD_Element_ID reference="id"/>
            <ReadOnlyLogic/>
            <DisplayLogic/>
            <AD_Process_Para_UU>571bcc7b-71c2-4d00-8a51-9baba466eacf</AD_Process_Para_UU>
            <IsEncrypted>N</IsEncrypted>
            <MandatoryLogic/>
            <Query/>
            <AD_FieldGroup_ID reference="id"/>
            <Placeholder/>
            <Placeholder2/>
            <IsAutocomplete>N</IsAutocomplete>
            <DateRangeOption>D</DateRangeOption>
            <IsShowNegateButton>N</IsShowNegateButton>
            <AD_Process_Para_Trl type="translation">
                <Description/>
                <Help/>
                <Name>Fingerprint certificato</Name>
                <Placeholder/>
                <Placeholder2/>
                <AD_Language>it_IT</AD_Language>
                <IsActive>Y</IsActive>
                <IsTranslated>Y</IsTranslated>
            </AD_Process_Para_Trl>
            <AD_Process_Para_Trl type="translation">
                <Description/>
                <Help/>
                <Name>Certificate Fingerprint</Name>
                <Placeholder/>
                <Placeholder2/>
                <AD_Language>es_ES</AD_Language>
                <IsActive>Y</IsActive>
                <IsTranslated>N</IsTranslated>
            </AD_Process_Para_Trl>
            <AD_Process_Para_Trl type="translation">
                <Description/>
                <Help/>
                <Name>Certificate Fingerprint</Name>
                <Placeholder/>
                <Placeholder2/>
                <AD_Language>fr_FR</AD_Language>
                <IsActive>Y</IsActive>
                <IsTranslated>N</IsTranslated>
            </AD_Process_Para_Trl>
            <AD_Process_Para_Trl type="translation">
                <Description/>
                <Help/>
                <Name>Certificate Fingerprint</Name>
                <Placeholder/>
                <Placeholder2/>
                <AD_Language>de_DE</AD_Language>
                <IsActive>Y</IsActive>
                <IsTranslated>N</IsTranslated>
            </AD_Process_Para_Trl>
        </AD_Process_Para>
        <AD_Process_Para type="table">
            <AD_Client_ID>0</AD_Client_ID>
            <AD_Org_ID>0</AD_Org_ID>
            <IsActive>Y</IsActive>
            <Name>Zip Identifier</Name>
            <Description/>
            <Help>Used in the construction of the zip file. The file name wants this format: &lt;SiaCode&gt;&lt;ZipIdentifier&gt;*.zip </Help>
            <AD_Process_ID reference="uuid" reference-key="AD_Process">5342acc7-cfcf-4ca9-9d63-439bb84f843f</AD_Process_ID>
            <SeqNo>80</SeqNo>
            <AD_Reference_ID reference="id">10</AD_Reference_ID>
            <AD_Reference_Value_ID reference="id"/>
            <IsRange>N</IsRange>
            <AD_Val_Rule_ID reference="id"/>
            <FieldLength>1</FieldLength>
            <IsMandatory>Y</IsMandatory>
            <DefaultValue>1</DefaultValue>
            <VFormat/>
            <ValueMin/>
            <ValueMax/>
            <ColumnName>ZipIdentifier</ColumnName>
            <DefaultValue2/>
            <IsCentrallyMaintained>N</IsCentrallyMaintained>
            <EntityType>msspa</EntityType>
            <AD_Element_ID reference="id"/>
            <ReadOnlyLogic/>
            <DisplayLogic/>
            <AD_Process_Para_UU>7b15a9f5-205b-4489-9cc7-351ed590b403</AD_Process_Para_UU>
            <IsEncrypted>N</IsEncrypted>
            <MandatoryLogic/>
            <Query/>
            <AD_FieldGroup_ID reference="id"/>
            <Placeholder/>
            <Placeholder2/>
            <IsAutocomplete>N</IsAutocomplete>
            <DateRangeOption>D</DateRangeOption>
            <IsShowNegateButton>N</IsShowNegateButton>
            <AD_Process_Para_Trl type="translation">
                <Description/>
                <Help/>
                <Name>Zip Identifier</Name>
                <Placeholder/>
                <Placeholder2/>
                <AD_Language>es_ES</AD_Language>
                <IsActive>Y</IsActive>
                <IsTranslated>N</IsTranslated>
            </AD_Process_Para_Trl>
            <AD_Process_Para_Trl type="translation">
                <Description/>
                <Help/>
                <Name>Zip Identifier</Name>
                <Placeholder/>
                <Placeholder2/>
                <AD_Language>fr_FR</AD_Language>
                <IsActive>Y</IsActive>
                <IsTranslated>N</IsTranslated>
            </AD_Process_Para_Trl>
            <AD_Process_Para_Trl type="translation">
                <Description/>
                <Help>Utilizzato nella costruzione del file zip. Il nome del file vuole questo formato: &lt;CodiceSia&gt;&lt;IdentificatoreZip&gt;*.zip</Help>
                <Name>Identificatore zip</Name>
                <Placeholder/>
                <Placeholder2/>
                <AD_Language>it_IT</AD_Language>
                <IsActive>Y</IsActive>
                <IsTranslated>Y</IsTranslated>
            </AD_Process_Para_Trl>
            <AD_Process_Para_Trl type="translation">
                <Description/>
                <Help/>
                <Name>Zip Identifier</Name>
                <Placeholder/>
                <Placeholder2/>
                <AD_Language>de_DE</AD_Language>
                <IsActive>Y</IsActive>
                <IsTranslated>N</IsTranslated>
            </AD_Process_Para_Trl>
        </AD_Process_Para>
        <AD_Process_Para type="table">
            <AD_Client_ID>0</AD_Client_ID>
            <AD_Org_ID>0</AD_Org_ID>
            <IsActive>Y</IsActive>
            <Name>Username</Name>
            <Description/>
            <Help/>
            <AD_Process_ID reference="uuid" reference-key="AD_Process">5342acc7-cfcf-4ca9-9d63-439bb84f843f</AD_Process_ID>
            <SeqNo>10</SeqNo>
            <AD_Reference_ID reference="id">10</AD_Reference_ID>
            <AD_Reference_Value_ID reference="id"/>
            <IsRange>N</IsRange>
            <AD_Val_Rule_ID reference="id"/>
            <FieldLength>30</FieldLength>
            <IsMandatory>Y</IsMandatory>
            <DefaultValue/>
            <VFormat/>
            <ValueMin/>
            <ValueMax/>
            <ColumnName>Username</ColumnName>
            <DefaultValue2/>
            <IsCentrallyMaintained>N</IsCentrallyMaintained>
            <EntityType>msspa</EntityType>
            <AD_Element_ID reference="id"/>
            <ReadOnlyLogic/>
            <DisplayLogic/>
            <AD_Process_Para_UU>f38be496-e399-4b6c-a705-912fcbe3b008</AD_Process_Para_UU>
            <IsEncrypted>N</IsEncrypted>
            <MandatoryLogic/>
            <Query/>
            <AD_FieldGroup_ID reference="id"/>
            <Placeholder/>
            <Placeholder2/>
            <IsAutocomplete>N</IsAutocomplete>
            <DateRangeOption>D</DateRangeOption>
            <IsShowNegateButton>N</IsShowNegateButton>
            <AD_Process_Para_Trl type="translation">
                <Description/>
                <Help/>
                <Name>Username</Name>
                <Placeholder/>
                <Placeholder2/>
                <AD_Language>it_IT</AD_Language>
                <IsActive>Y</IsActive>
                <IsTranslated>Y</IsTranslated>
            </AD_Process_Para_Trl>
            <AD_Process_Para_Trl type="translation">
                <Description/>
                <Help/>
                <Name>Username</Name>
                <Placeholder/>
                <Placeholder2/>
                <AD_Language>de_DE</AD_Language>
                <IsActive>Y</IsActive>
                <IsTranslated>N</IsTranslated>
            </AD_Process_Para_Trl>
            <AD_Process_Para_Trl type="translation">
                <Description/>
                <Help/>
                <Name>Username</Name>
                <Placeholder/>
                <Placeholder2/>
                <AD_Language>es_ES</AD_Language>
                <IsActive>Y</IsActive>
                <IsTranslated>N</IsTranslated>
            </AD_Process_Para_Trl>
            <AD_Process_Para_Trl type="translation">
                <Description/>
                <Help/>
                <Name>Username</Name>
                <Placeholder/>
                <Placeholder2/>
                <AD_Language>fr_FR</AD_Language>
                <IsActive>Y</IsActive>
                <IsTranslated>N</IsTranslated>
            </AD_Process_Para_Trl>
        </AD_Process_Para>
        <AD_Process_Para type="table">
            <AD_Client_ID>0</AD_Client_ID>
            <AD_Org_ID>0</AD_Org_ID>
            <IsActive>Y</IsActive>
            <Name>Password</Name>
            <Description/>
            <Help/>
            <AD_Process_ID reference="uuid" reference-key="AD_Process">5342acc7-cfcf-4ca9-9d63-439bb84f843f</AD_Process_ID>
            <SeqNo>20</SeqNo>
            <AD_Reference_ID reference="id">10</AD_Reference_ID>
            <AD_Reference_Value_ID reference="id"/>
            <IsRange>N</IsRange>
            <AD_Val_Rule_ID reference="id"/>
            <FieldLength>30</FieldLength>
            <IsMandatory>Y</IsMandatory>
            <DefaultValue/>
            <VFormat/>
            <ValueMin/>
            <ValueMax/>
            <ColumnName>Password</ColumnName>
            <DefaultValue2/>
            <IsCentrallyMaintained>N</IsCentrallyMaintained>
            <EntityType>msspa</EntityType>
            <AD_Element_ID reference="id"/>
            <ReadOnlyLogic/>
            <DisplayLogic/>
            <AD_Process_Para_UU>0a99cbcb-31b8-48e5-b9e3-5fbc2f896107</AD_Process_Para_UU>
            <IsEncrypted>N</IsEncrypted>
            <MandatoryLogic/>
            <Query/>
            <AD_FieldGroup_ID reference="id"/>
            <Placeholder/>
            <Placeholder2/>
            <IsAutocomplete>N</IsAutocomplete>
            <DateRangeOption>D</DateRangeOption>
            <IsShowNegateButton>N</IsShowNegateButton>
            <AD_Process_Para_Trl type="translation">
                <Description/>
                <Help/>
                <Name>Password</Name>
                <Placeholder/>
                <Placeholder2/>
                <AD_Language>es_ES</AD_Language>
                <IsActive>Y</IsActive>
                <IsTranslated>N</IsTranslated>
            </AD_Process_Para_Trl>
            <AD_Process_Para_Trl type="translation">
                <Description/>
                <Help/>
                <Name>Password</Name>
                <Placeholder/>
                <Placeholder2/>
                <AD_Language>fr_FR</AD_Language>
                <IsActive>Y</IsActive>
                <IsTranslated>N</IsTranslated>
            </AD_Process_Para_Trl>
            <AD_Process_Para_Trl type="translation">
                <Description/>
                <Help/>
                <Name>Password</Name>
                <Placeholder/>
                <Placeholder2/>
                <AD_Language>it_IT</AD_Language>
                <IsActive>Y</IsActive>
                <IsTranslated>Y</IsTranslated>
            </AD_Process_Para_Trl>
            <AD_Process_Para_Trl type="translation">
                <Description/>
                <Help/>
                <Name>Password</Name>
                <Placeholder/>
                <Placeholder2/>
                <AD_Language>de_DE</AD_Language>
                <IsActive>Y</IsActive>
                <IsTranslated>N</IsTranslated>
            </AD_Process_Para_Trl>
        </AD_Process_Para>
        <AD_Process_Para type="table">
            <AD_Client_ID>0</AD_Client_ID>
            <AD_Org_ID>0</AD_Org_ID>
            <IsActive>Y</IsActive>
            <Name>Path</Name>
            <Description/>
            <Help>Sftp directory where so invoices are located. Typically this is the folder RX/. Remember to end with / </Help>
            <AD_Process_ID reference="uuid" reference-key="AD_Process">5342acc7-cfcf-4ca9-9d63-439bb84f843f</AD_Process_ID>
            <SeqNo>90</SeqNo>
            <AD_Reference_ID reference="id">10</AD_Reference_ID>
            <AD_Reference_Value_ID reference="id"/>
            <IsRange>N</IsRange>
            <AD_Val_Rule_ID reference="id"/>
            <FieldLength>20</FieldLength>
            <IsMandatory>Y</IsMandatory>
            <DefaultValue/>
            <VFormat/>
            <ValueMin/>
            <ValueMax/>
            <ColumnName>Path</ColumnName>
            <DefaultValue2/>
            <IsCentrallyMaintained>N</IsCentrallyMaintained>
            <EntityType>msspa</EntityType>
            <AD_Element_ID reference="id"/>
            <ReadOnlyLogic/>
            <DisplayLogic/>
            <AD_Process_Para_UU>bdbf3e29-2e1f-4e41-97f7-ffbb67384303</AD_Process_Para_UU>
            <IsEncrypted>N</IsEncrypted>
            <MandatoryLogic/>
            <Query/>
            <AD_FieldGroup_ID reference="id"/>
            <Placeholder/>
            <Placeholder2/>
            <IsAutocomplete>N</IsAutocomplete>
            <DateRangeOption>D</DateRangeOption>
            <IsShowNegateButton>N</IsShowNegateButton>
            <AD_Process_Para_Trl type="translation">
                <Description/>
                <Help>Percorso su sftp in cui si trovano le fatture attive. Tipicamente è la cartella RX/. Ricordarsi di terminare con /</Help>
                <Name>Percorso trasmissione</Name>
                <Placeholder>RX/</Placeholder>
                <Placeholder2/>
                <AD_Language>it_IT</AD_Language>
                <IsActive>Y</IsActive>
                <IsTranslated>N</IsTranslated>
            </AD_Process_Para_Trl>
            <AD_Process_Para_Trl type="translation">
                <Description/>
                <Help/>
                <Name>Out Path</Name>
                <Placeholder/>
                <Placeholder2/>
                <AD_Language>de_DE</AD_Language>
                <IsActive>Y</IsActive>
                <IsTranslated>N</IsTranslated>
            </AD_Process_Para_Trl>
            <AD_Process_Para_Trl type="translation">
                <Description/>
                <Help/>
                <Name>Out Path</Name>
                <Placeholder/>
                <Placeholder2/>
                <AD_Language>es_ES</AD_Language>
                <IsActive>Y</IsActive>
                <IsTranslated>N</IsTranslated>
            </AD_Process_Para_Trl>
            <AD_Process_Para_Trl type="translation">
                <Description/>
                <Help/>
                <Name>Out Path</Name>
                <Placeholder/>
                <Placeholder2/>
                <AD_Language>fr_FR</AD_Language>
                <IsActive>Y</IsActive>
                <IsTranslated>N</IsTranslated>
            </AD_Process_Para_Trl>
        </AD_Process_Para>
        <AD_Process_Para type="table">
            <AD_Client_ID>0</AD_Client_ID>
            <AD_Org_ID>0</AD_Org_ID>
            <IsActive>Y</IsActive>
            <Name>Csv Identifier</Name>
            <Description/>
            <Help>Used in the construction of the csv file. The file name wants this format: &lt;SiaCode&gt;&lt;CsvIdentifier&gt;*.csv </Help>
            <AD_Process_ID reference="uuid" reference-key="AD_Process">5342acc7-cfcf-4ca9-9d63-439bb84f843f</AD_Process_ID>
            <SeqNo>70</SeqNo>
            <AD_Reference_ID reference="id">10</AD_Reference_ID>
            <AD_Reference_Value_ID reference="id"/>
            <IsRange>N</IsRange>
            <AD_Val_Rule_ID reference="id"/>
            <FieldLength>1</FieldLength>
            <IsMandatory>Y</IsMandatory>
            <DefaultValue>0</DefaultValue>
            <VFormat/>
            <ValueMin/>
            <ValueMax/>
            <ColumnName>CsvIdentifier</ColumnName>
            <DefaultValue2/>
            <IsCentrallyMaintained>N</IsCentrallyMaintained>
            <EntityType>msspa</EntityType>
            <AD_Element_ID reference="id"/>
            <ReadOnlyLogic/>
            <DisplayLogic/>
            <AD_Process_Para_UU>577ad8e3-eaf5-4810-8ae9-98a0e9b5c60a</AD_Process_Para_UU>
            <IsEncrypted>N</IsEncrypted>
            <MandatoryLogic/>
            <Query/>
            <AD_FieldGroup_ID reference="id"/>
            <Placeholder/>
            <Placeholder2/>
            <IsAutocomplete>N</IsAutocomplete>
            <DateRangeOption>D</DateRangeOption>
            <IsShowNegateButton>N</IsShowNegateButton>
            <AD_Process_Para_Trl type="translation">
                <Description/>
                <Help/>
                <Name>Csv Identifier</Name>
                <Placeholder/>
                <Placeholder2/>
                <AD_Language>es_ES</AD_Language>
                <IsActive>Y</IsActive>
                <IsTranslated>N</IsTranslated>
            </AD_Process_Para_Trl>
            <AD_Process_Para_Trl type="translation">
                <Description/>
                <Help/>
                <Name>Csv Identifier</Name>
                <Placeholder/>
                <Placeholder2/>
                <AD_Language>fr_FR</AD_Language>
                <IsActive>Y</IsActive>
                <IsTranslated>N</IsTranslated>
            </AD_Process_Para_Trl>
            <AD_Process_Para_Trl type="translation">
                <Description/>
                <Help>Utilizzato nella costruzione del file csv. Il nome del file vuole questo formato: &lt;CodiceSia&gt;&lt;IdentificatoreCsv&gt;*.csv</Help>
                <Name>Identificatore csv</Name>
                <Placeholder/>
                <Placeholder2/>
                <AD_Language>it_IT</AD_Language>
                <IsActive>Y</IsActive>
                <IsTranslated>Y</IsTranslated>
            </AD_Process_Para_Trl>
            <AD_Process_Para_Trl type="translation">
                <Description/>
                <Help/>
                <Name>Csv Identifier</Name>
                <Placeholder/>
                <Placeholder2/>
                <AD_Language>de_DE</AD_Language>
                <IsActive>Y</IsActive>
                <IsTranslated>N</IsTranslated>
            </AD_Process_Para_Trl>
        </AD_Process_Para>
        <AD_Process_Para type="table">
            <AD_Client_ID>0</AD_Client_ID>
            <AD_Org_ID>0</AD_Org_ID>
            <IsActive>Y</IsActive>
            <Name>SIA code</Name>
            <Description/>
            <Help/>
            <AD_Process_ID reference="uuid" reference-key="AD_Process">5342acc7-cfcf-4ca9-9d63-439bb84f843f</AD_Process_ID>
            <SeqNo>60</SeqNo>
            <AD_Reference_ID reference="id">10</AD_Reference_ID>
            <AD_Reference_Value_ID reference="id"/>
            <IsRange>N</IsRange>
            <AD_Val_Rule_ID reference="id"/>
            <FieldLength>10</FieldLength>
            <IsMandatory>Y</IsMandatory>
            <DefaultValue/>
            <VFormat/>
            <ValueMin/>
            <ValueMax/>
            <ColumnName>SiaCode</ColumnName>
            <DefaultValue2/>
            <IsCentrallyMaintained>N</IsCentrallyMaintained>
            <EntityType>msspa</EntityType>
            <AD_Element_ID reference="id"/>
            <ReadOnlyLogic/>
            <DisplayLogic/>
            <AD_Process_Para_UU>3103b879-213a-4061-9268-8a6de62bf1ea</AD_Process_Para_UU>
            <IsEncrypted>N</IsEncrypted>
            <MandatoryLogic/>
            <Query/>
            <AD_FieldGroup_ID reference="id"/>
            <Placeholder/>
            <Placeholder2/>
            <IsAutocomplete>N</IsAutocomplete>
            <DateRangeOption>D</DateRangeOption>
            <IsShowNegateButton>N</IsShowNegateButton>
            <AD_Process_Para_Trl type="translation">
                <Description/>
                <Help/>
                <Name>Sia code</Name>
                <Placeholder/>
                <Placeholder2/>
                <AD_Language>fr_FR</AD_Language>
                <IsActive>Y</IsActive>
                <IsTranslated>N</IsTranslated>
            </AD_Process_Para_Trl>
            <AD_Process_Para_Trl type="translation">
                <Description/>
                <Help/>
                <Name>Sia code</Name>
                <Placeholder/>
                <Placeholder2/>
                <AD_Language>es_ES</AD_Language>
                <IsActive>Y</IsActive>
                <IsTranslated>N</IsTranslated>
            </AD_Process_Para_Trl>
            <AD_Process_Para_Trl type="translation">
                <Description/>
                <Help/>
                <Name>Codice SIA</Name>
                <Placeholder/>
                <Placeholder2/>
                <AD_Language>it_IT</AD_Language>
                <IsActive>Y</IsActive>
                <IsTranslated>Y</IsTranslated>
            </AD_Process_Para_Trl>
            <AD_Process_Para_Trl type="translation">
                <Description/>
                <Help/>
                <Name>Sia code</Name>
                <Placeholder/>
                <Placeholder2/>
                <AD_Language>de_DE</AD_Language>
                <IsActive>Y</IsActive>
                <IsTranslated>N</IsTranslated>
            </AD_Process_Para_Trl>
        </AD_Process_Para>
    </AD_Process>
    <AD_Element type="table">
        <AD_Client_ID>0</AD_Client_ID>
        <AD_Org_ID>0</AD_Org_ID>
        <IsActive>Y</IsActive>
        <ColumnName>LIT_MsSyncCredem</ColumnName>
        <Name>Synchronized with Credemtel</Name>
        <Description/>
        <Help>SO invoices: xml transmitted
PO invoices: protocol number transmitted </Help>
        <PrintName>Synchronized with Credemtel</PrintName>
        <PO_Description/>
        <PO_Help/>
        <PO_Name/>
        <PO_PrintName/>
        <EntityType>msspa</EntityType>
        <AD_Element_UU>1dcff504-bfb4-44c4-8e50-91d540116a76</AD_Element_UU>
        <Placeholder/>
        <AD_Element_Trl type="translation">
            <Description/>
            <Help/>
            <Name>LIT_MsSyncCredem</Name>
            <Placeholder/>
            <PO_Description/>
            <PO_Help/>
            <PO_Name/>
            <PO_PrintName/>
            <PrintName>Ms Sync Credem</PrintName>
            <AD_Language>de_DE</AD_Language>
            <IsActive>Y</IsActive>
            <IsTranslated>N</IsTranslated>
        </AD_Element_Trl>
        <AD_Element_Trl type="translation">
            <Description/>
            <Help/>
            <Name>LIT_MsSyncCredem</Name>
            <Placeholder/>
            <PO_Description/>
            <PO_Help/>
            <PO_Name/>
            <PO_PrintName/>
            <PrintName>Ms Sync Credem</PrintName>
            <AD_Language>es_ES</AD_Language>
            <IsActive>Y</IsActive>
            <IsTranslated>N</IsTranslated>
        </AD_Element_Trl>
        <AD_Element_Trl type="translation">
            <Description/>
            <Help/>
            <Name>LIT_MsSyncCredem</Name>
            <Placeholder/>
            <PO_Description/>
            <PO_Help/>
            <PO_Name/>
            <PO_PrintName/>
            <PrintName>Ms Sync Credem</PrintName>
            <AD_Language>fr_FR</AD_Language>
            <IsActive>Y</IsActive>
            <IsTranslated>N</IsTranslated>
        </AD_Element_Trl>
        <AD_Element_Trl type="translation">
            <Description/>
            <Help>Fatture attive: xml trasmesso
Fatture passive: numero di protocollo trasmesso</Help>
            <Name>Sincronizzato con Credemtel</Name>
            <Placeholder/>
            <PO_Description/>
            <PO_Help/>
            <PO_Name/>
            <PO_PrintName/>
            <PrintName>Sincronizzato con Credemtel</PrintName>
            <AD_Language>it_IT</AD_Language>
            <IsActive>Y</IsActive>
            <IsTranslated>Y</IsTranslated>
        </AD_Element_Trl>
    </AD_Element>
    <AD_Package_Exp type="table">
        <AD_Client_ID>0</AD_Client_ID>
        <AD_Org_ID>0</AD_Org_ID>
        <AD_Package_Type>X</AD_Package_Type>
        <EMail/>
        <Instructions/>
        <Name>SftpCredemtel2Pack</Name>
        <Processed>N</Processed>
        <ReleaseNo/>
        <Version/>
        <UserName/>
        <Processing>N</Processing>
        <PK_Version>1.0.2</PK_Version>
        <IsActive>Y</IsActive>
        <File_Directory/>
        <Description/>
        <AD_Package_Exp_UU>bdc39483-b63d-44ff-ab8b-965af104e4d1</AD_Package_Exp_UU>
        <DateFrom/>
        <IsExportDictionaryEntity>N</IsExportDictionaryEntity>
        <AD_Package_Exp_Detail type="table">
            <AD_Client_ID>0</AD_Client_ID>
            <AD_Org_ID>0</AD_Org_ID>
            <AD_Form_ID reference="id"/>
            <AD_ImpFormat_ID reference="id"/>
            <AD_Menu_ID reference="id"/>
            <AD_Process_ID reference="uuid" reference-key="AD_Process">5342acc7-cfcf-4ca9-9d63-439bb84f843f</AD_Process_ID>
            <AD_Role_ID reference="id"/>
            <AD_Window_ID reference="id"/>
            <AD_Workflow_ID reference="id"/>
            <IsActive>Y</IsActive>
            <File_Directory/>
            <FileName/>
            <Destination_FileName/>
            <Destination_Directory/>
            <Description/>
            <DBType>ALL</DBType>
            <Type>P</Type>
            <Target_Directory/>
            <SQLStatement/>
            <ReleaseNo/>
            <Processing>N</Processing>
            <Processed>N</Processed>
            <Name2/>
            <Line>10</Line>
            <AD_Table_ID reference="id"/>
            <AD_ReportView_ID reference="id"/>
            <AD_Package_Exp_ID reference="uuid" reference-key="AD_Package_Exp">bdc39483-b63d-44ff-ab8b-965af104e4d1</AD_Package_Exp_ID>
            <AD_Package_Code_New/>
            <AD_Package_Code_Old/>
            <AD_Val_Rule_ID reference="id"/>
            <AD_Message_ID reference="id"/>
            <AD_PrintFormat_ID reference="id"/>
            <AD_Reference_ID reference="id"/>
            <AD_ModelValidator_ID reference="id"/>
            <AD_EntityType_ID reference="id"/>
            <AD_Package_Exp_Detail_UU>fd12ce5f-8fa9-46d1-b16b-ae61c37c6fa8</AD_Package_Exp_Detail_UU>
            <AD_InfoWindow_ID reference="id"/>
            <ExecCode/>
        </AD_Package_Exp_Detail>
        <AD_Package_Exp_Detail type="table">
            <AD_Client_ID>0</AD_Client_ID>
            <AD_Org_ID>0</AD_Org_ID>
            <AD_Form_ID reference="id"/>
            <AD_ImpFormat_ID reference="id"/>
            <AD_Menu_ID reference="id"/>
            <AD_Process_ID reference="id"/>
            <AD_Role_ID reference="id"/>
            <AD_Window_ID reference="id"/>
            <AD_Workflow_ID reference="id"/>
            <IsActive>Y</IsActive>
            <File_Directory/>
            <FileName/>
            <Destination_FileName/>
            <Destination_Directory/>
            <Description/>
            <DBType>ALL</DBType>
            <Type>D</Type>
            <Target_Directory/>
            <SQLStatement>SELECT * FROM AD_Package_Exp WHERE AD_Package_Exp_UU='bdc39483-b63d-44ff-ab8b-965af104e4d1';AD_Package_Exp_Detail;</SQLStatement>
            <ReleaseNo/>
            <Processing>N</Processing>
            <Processed>N</Processed>
            <Name2/>
            <Line>30</Line>
            <AD_Table_ID reference="id">50005</AD_Table_ID>
            <AD_ReportView_ID reference="id"/>
            <AD_Package_Exp_ID reference="uuid" reference-key="AD_Package_Exp">bdc39483-b63d-44ff-ab8b-965af104e4d1</AD_Package_Exp_ID>
            <AD_Package_Code_New/>
            <AD_Package_Code_Old/>
            <AD_Val_Rule_ID reference="id"/>
            <AD_Message_ID reference="id"/>
            <AD_PrintFormat_ID reference="id"/>
            <AD_Reference_ID reference="id"/>
            <AD_ModelValidator_ID reference="id"/>
            <AD_EntityType_ID reference="id"/>
            <AD_Package_Exp_Detail_UU>055b019b-3116-4553-af36-1b1ac8b40b32</AD_Package_Exp_Detail_UU>
            <AD_InfoWindow_ID reference="id"/>
            <ExecCode/>
        </AD_Package_Exp_Detail>
        <AD_Package_Exp_Detail type="table">
            <AD_Client_ID>0</AD_Client_ID>
            <AD_Org_ID>0</AD_Org_ID>
            <AD_Form_ID reference="id"/>
            <AD_ImpFormat_ID reference="id"/>
            <AD_Menu_ID reference="uuid" reference-key="AD_Menu">3f41280c-b0fe-47bd-a7a4-85760772fbed</AD_Menu_ID>
            <AD_Process_ID reference="id"/>
            <AD_Role_ID reference="id"/>
            <AD_Window_ID reference="id"/>
            <AD_Workflow_ID reference="id"/>
            <IsActive>Y</IsActive>
            <File_Directory/>
            <FileName/>
            <Destination_FileName/>
            <Destination_Directory/>
            <Description/>
            <DBType>ALL</DBType>
            <Type>M</Type>
            <Target_Directory/>
            <SQLStatement/>
            <ReleaseNo/>
            <Processing>N</Processing>
            <Processed>N</Processed>
            <Name2/>
            <Line>50</Line>
            <AD_Table_ID reference="id"/>
            <AD_ReportView_ID reference="id"/>
            <AD_Package_Exp_ID reference="uuid" reference-key="AD_Package_Exp">bdc39483-b63d-44ff-ab8b-965af104e4d1</AD_Package_Exp_ID>
            <AD_Package_Code_New/>
            <AD_Package_Code_Old/>
            <AD_Val_Rule_ID reference="id"/>
            <AD_Message_ID reference="id"/>
            <AD_PrintFormat_ID reference="id"/>
            <AD_Reference_ID reference="id"/>
            <AD_ModelValidator_ID reference="id"/>
            <AD_EntityType_ID reference="id"/>
            <AD_Package_Exp_Detail_UU>a7cbe726-475a-426f-b762-3fc34c825c1f</AD_Package_Exp_Detail_UU>
            <AD_InfoWindow_ID reference="id"/>
            <ExecCode/>
        </AD_Package_Exp_Detail>
        <AD_Package_Exp_Detail type="table">
            <AD_Client_ID>0</AD_Client_ID>
            <AD_Org_ID>0</AD_Org_ID>
            <AD_Form_ID reference="id"/>
            <AD_ImpFormat_ID reference="id"/>
            <AD_Menu_ID reference="id"/>
            <AD_Process_ID reference="id"/>
            <AD_Role_ID reference="id"/>
            <AD_Window_ID reference="id"/>
            <AD_Workflow_ID reference="id"/>
            <IsActive>Y</IsActive>
            <File_Directory/>
            <FileName/>
            <Destination_FileName/>
            <Destination_Directory/>
            <Description>LIT_MsSyncCredem Column &amp; Field</Description>
            <DBType>ALL</DBType>
            <Type>D</Type>
            <Target_Directory/>
            <SQLStatement>SELECT * FROM AD_Column WHERE AD_Column_UU='5bf10e86-a995-4ac5-8f67-998e71ba66d5';AD_Field</SQLStatement>
            <ReleaseNo/>
            <Processing>N</Processing>
            <Processed>N</Processed>
            <Name2/>
            <Line>40</Line>
            <AD_Table_ID reference="id">101</AD_Table_ID>
            <AD_ReportView_ID reference="id"/>
            <AD_Package_Exp_ID reference="uuid" reference-key="AD_Package_Exp">bdc39483-b63d-44ff-ab8b-965af104e4d1</AD_Package_Exp_ID>
            <AD_Package_Code_New/>
            <AD_Package_Code_Old/>
            <AD_Val_Rule_ID reference="id"/>
            <AD_Message_ID reference="id"/>
            <AD_PrintFormat_ID reference="id"/>
            <AD_Reference_ID reference="id"/>
            <AD_ModelValidator_ID reference="id"/>
            <AD_EntityType_ID reference="id"/>
            <AD_Package_Exp_Detail_UU>32ab01b0-123d-48ad-9f5b-db2547ac8b8a</AD_Package_Exp_Detail_UU>
            <AD_InfoWindow_ID reference="id"/>
            <ExecCode/>
        </AD_Package_Exp_Detail>
        <AD_Package_Exp_Detail type="table">
            <AD_Client_ID>0</AD_Client_ID>
            <AD_Org_ID>0</AD_Org_ID>
            <AD_Form_ID reference="id"/>
            <AD_ImpFormat_ID reference="id"/>
            <AD_Menu_ID reference="id"/>
            <AD_Process_ID reference="id"/>
            <AD_Role_ID reference="id"/>
            <AD_Window_ID reference="id"/>
            <AD_Workflow_ID reference="id"/>
            <IsActive>Y</IsActive>
            <File_Directory/>
            <FileName/>
            <Destination_FileName/>
            <Destination_Directory/>
            <Description>LIT_MsSyncCredem Element</Description>
            <DBType>ALL</DBType>
            <Type>D</Type>
            <Target_Directory/>
            <SQLStatement>SELECT * FROM AD_Element WHERE AD_Element_UU='1dcff504-bfb4-44c4-8e50-91d540116a76';</SQLStatement>
            <ReleaseNo/>
            <Processing>N</Processing>
            <Processed>N</Processed>
            <Name2/>
            <Line>20</Line>
            <AD_Table_ID reference="id">276</AD_Table_ID>
            <AD_ReportView_ID reference="id"/>
            <AD_Package_Exp_ID reference="uuid" reference-key="AD_Package_Exp">bdc39483-b63d-44ff-ab8b-965af104e4d1</AD_Package_Exp_ID>
            <AD_Package_Code_New/>
            <AD_Package_Code_Old/>
            <AD_Val_Rule_ID reference="id"/>
            <AD_Message_ID reference="id"/>
            <AD_PrintFormat_ID reference="id"/>
            <AD_Reference_ID reference="id"/>
            <AD_ModelValidator_ID reference="id"/>
            <AD_EntityType_ID reference="id"/>
            <AD_Package_Exp_Detail_UU>202b3300-2ddd-43f8-ba38-b5cce041db1c</AD_Package_Exp_Detail_UU>
            <AD_InfoWindow_ID reference="id"/>
            <ExecCode/>
        </AD_Package_Exp_Detail>
        <AD_Package_Exp_Detail type="table">
            <AD_Client_ID>0</AD_Client_ID>
            <AD_Org_ID>0</AD_Org_ID>
            <AD_Form_ID reference="id"/>
            <AD_ImpFormat_ID reference="id"/>
            <AD_Menu_ID reference="id"/>
            <AD_Process_ID reference="uuid" reference-key="AD_Process">db19ae53-99de-4b00-94c2-d490cb066984</AD_Process_ID>
            <AD_Role_ID reference="id"/>
            <AD_Window_ID reference="id"/>
            <AD_Workflow_ID reference="id"/>
            <IsActive>Y</IsActive>
            <File_Directory/>
            <FileName/>
            <Destination_FileName/>
            <Destination_Directory/>
            <Description/>
            <DBType>ALL</DBType>
            <Type>P</Type>
            <Target_Directory/>
            <SQLStatement/>
            <ReleaseNo/>
            <Processing>N</Processing>
            <Processed>N</Processed>
            <Name2/>
            <Line>60</Line>
            <AD_Table_ID reference="id"/>
            <AD_ReportView_ID reference="id"/>
            <AD_Package_Exp_ID reference="uuid" reference-key="AD_Package_Exp">bdc39483-b63d-44ff-ab8b-965af104e4d1</AD_Package_Exp_ID>
            <AD_Package_Code_New/>
            <AD_Package_Code_Old/>
            <AD_Val_Rule_ID reference="id"/>
            <AD_Message_ID reference="id"/>
            <AD_PrintFormat_ID reference="id"/>
            <AD_Reference_ID reference="id"/>
            <AD_ModelValidator_ID reference="id"/>
            <AD_EntityType_ID reference="id"/>
            <AD_Package_Exp_Detail_UU>5ba66897-46df-4a3c-ae33-5d6e8b5c4052</AD_Package_Exp_Detail_UU>
            <AD_InfoWindow_ID reference="id"/>
            <ExecCode/>
        </AD_Package_Exp_Detail>
        <AD_Package_Exp_Detail type="table">
            <AD_Client_ID>0</AD_Client_ID>
            <AD_Org_ID>0</AD_Org_ID>
            <AD_Form_ID reference="id"/>
            <AD_ImpFormat_ID reference="id"/>
            <AD_Menu_ID reference="uuid" reference-key="AD_Menu">b7a8dc4e-e8c9-48b5-aceb-1374ba15a7a3</AD_Menu_ID>
            <AD_Process_ID reference="id"/>
            <AD_Role_ID reference="id"/>
            <AD_Window_ID reference="id"/>
            <AD_Workflow_ID reference="id"/>
            <IsActive>Y</IsActive>
            <File_Directory/>
            <FileName/>
            <Destination_FileName/>
            <Destination_Directory/>
            <Description/>
            <DBType>ALL</DBType>
            <Type>M</Type>
            <Target_Directory/>
            <SQLStatement/>
            <ReleaseNo/>
            <Processing>N</Processing>
            <Processed>N</Processed>
            <Name2/>
            <Line>70</Line>
            <AD_Table_ID reference="id"/>
            <AD_ReportView_ID reference="id"/>
            <AD_Package_Exp_ID reference="uuid" reference-key="AD_Package_Exp">bdc39483-b63d-44ff-ab8b-965af104e4d1</AD_Package_Exp_ID>
            <AD_Package_Code_New/>
            <AD_Package_Code_Old/>
            <AD_Val_Rule_ID reference="id"/>
            <AD_Message_ID reference="id"/>
            <AD_PrintFormat_ID reference="id"/>
            <AD_Reference_ID reference="id"/>
            <AD_ModelValidator_ID reference="id"/>
            <AD_EntityType_ID reference="id"/>
            <AD_Package_Exp_Detail_UU>0fb22f3e-851a-4557-aeed-89984fc28042</AD_Package_Exp_Detail_UU>
            <AD_InfoWindow_ID reference="id"/>
            <ExecCode/>
        </AD_Package_Exp_Detail>
    </AD_Package_Exp>
    <AD_Column type="table">
        <IsSyncDatabase>Y</IsSyncDatabase>
        <AD_Table_ID reference="uuid" reference-key="AD_Table">4f01279f-1cea-449c-b6d0-8890544c0149</AD_Table_ID>
        <AD_Reference_Value_ID reference="id"/>
        <AD_Client_ID>0</AD_Client_ID>
        <AD_Org_ID>0</AD_Org_ID>
        <Version>0</Version>
        <Name>Synchronized with Credemtel</Name>
        <Description/>
        <Help>SO invoices: xml transmitted
PO invoices: protocol number transmitted </Help>
        <AD_Val_Rule_ID reference="id"/>
        <ColumnName>LIT_MsSyncCredem</ColumnName>
        <DefaultValue>N</DefaultValue>
        <FieldLength>1</FieldLength>
        <IsKey>N</IsKey>
        <IsParent>N</IsParent>
        <IsMandatory>Y</IsMandatory>
        <IsTranslated>N</IsTranslated>
        <IsIdentifier>N</IsIdentifier>
        <SeqNo>0</SeqNo>
        <IsEncrypted>N</IsEncrypted>
        <AD_Reference_ID reference="id">20</AD_Reference_ID>
        <IsActive>Y</IsActive>
        <VFormat/>
        <Callout/>
        <AD_Element_ID reference="uuid" reference-key="AD_Element">1dcff504-bfb4-44c4-8e50-91d540116a76</AD_Element_ID>
        <IsUpdateable>Y</IsUpdateable>
        <AD_Process_ID reference="id"/>
        <ValueMin/>
        <ValueMax/>
        <IsSelectionColumn>N</IsSelectionColumn>
        <ReadOnlyLogic>1=1</ReadOnlyLogic>
        <EntityType>cnet</EntityType>
        <IsAlwaysUpdateable>N</IsAlwaysUpdateable>
        <ColumnSQL/>
        <MandatoryLogic/>
        <IsAutocomplete>N</IsAutocomplete>
        <IsAllowLogging>Y</IsAllowLogging>
        <FormatPattern/>
        <AD_Chart_ID reference="id"/>
        <AD_Column_UU>5bf10e86-a995-4ac5-8f67-998e71ba66d5</AD_Column_UU>
        <IsAllowCopy>Y</IsAllowCopy>
        <SeqNoSelection>0</SeqNoSelection>
        <IsToolbarButton>N</IsToolbarButton>
        <IsSecure>N</IsSecure>
        <FKConstraintName/>
        <FKConstraintType>N</FKConstraintType>
        <PA_DashboardContent_ID reference="id"/>
        <Placeholder/>
        <IsHtml>N</IsHtml>
        <AD_Val_Rule_Lookup_ID reference="id"/>
        <AlwaysUpdatableLogic/>
        <AD_InfoWindow_ID reference="id"/>
        <FKConstraintMsg_ID reference="id"/>
        <PartitioningMethod/>
        <IsPartitionKey>N</IsPartitionKey>
        <SeqNoPartition/>
        <RangePartitionInterval/>
    </AD_Column>
    <AD_Field type="table">
        <AD_Client_ID>0</AD_Client_ID>
        <AD_Org_ID>0</AD_Org_ID>
        <Name>Synchronized with Credemtel</Name>
        <Description/>
        <Help>SO invoices: xml transmitted
PO invoices: protocol number transmitted </Help>
        <AD_Tab_ID reference="uuid" reference-key="AD_Tab">5d0f17d4-9db6-4ffb-a6d4-73116b437af4</AD_Tab_ID>
        <AD_Column_ID reference="uuid" reference-key="AD_Column">5bf10e86-a995-4ac5-8f67-998e71ba66d5</AD_Column_ID>
        <IsDisplayed>Y</IsDisplayed>
        <DisplayLogic/>
        <DisplayLength>1</DisplayLength>
        <SeqNo>130</SeqNo>
        <SortNo/>
        <IsSameLine>N</IsSameLine>
        <IsHeading>N</IsHeading>
        <IsFieldOnly>N</IsFieldOnly>
        <IsEncrypted>N</IsEncrypted>
        <IsActive>Y</IsActive>
        <IsReadOnly>N</IsReadOnly>
        <IsCentrallyMaintained>Y</IsCentrallyMaintained>
        <AD_FieldGroup_ID reference="id"/>
        <EntityType>cnet</EntityType>
        <ObscureType/>
        <IsMandatory/>
        <DefaultValue/>
        <AD_Val_Rule_ID reference="id"/>
        <AD_Field_UU>a87c774f-6940-46e3-b66c-d57771ee3a1c</AD_Field_UU>
        <IsAllowCopy/>
        <IsDisplayedGrid>Y</IsDisplayedGrid>
        <SeqNoGrid>120</SeqNoGrid>
        <XPosition>2</XPosition>
        <ColumnSpan>2</ColumnSpan>
        <NumLines>1</NumLines>
        <IsQuickEntry>N</IsQuickEntry>
        <IsUpdateable/>
        <IsAlwaysUpdateable/>
        <MandatoryLogic/>
        <ReadOnlyLogic/>
        <IsToolbarButton/>
        <IsDefaultFocus>N</IsDefaultFocus>
        <IsAdvancedField>N</IsAdvancedField>
        <VFormat/>
        <IsQuickForm>N</IsQuickForm>
        <Placeholder/>
        <IsSelectionColumn/>
        <ColumnSQL/>
        <AD_Chart_ID reference="id"/>
        <AlwaysUpdatableLogic/>
        <AD_Field_Trl type="translation">
            <Description/>
            <Help/>
            <Name>LIT_MsSyncCredem</Name>
            <Placeholder/>
            <AD_Language>de_DE</AD_Language>
            <IsActive>Y</IsActive>
            <IsTranslated>N</IsTranslated>
        </AD_Field_Trl>
        <AD_Field_Trl type="translation">
            <Description/>
            <Help/>
            <Name>LIT_MsSyncCredem</Name>
            <Placeholder/>
            <AD_Language>es_ES</AD_Language>
            <IsActive>Y</IsActive>
            <IsTranslated>N</IsTranslated>
        </AD_Field_Trl>
        <AD_Field_Trl type="translation">
            <Description/>
            <Help/>
            <Name>LIT_MsSyncCredem</Name>
            <Placeholder/>
            <AD_Language>fr_FR</AD_Language>
            <IsActive>Y</IsActive>
            <IsTranslated>N</IsTranslated>
        </AD_Field_Trl>
        <AD_Field_Trl type="translation">
            <Description/>
            <Help>Fatture attive: xml trasmesso
Fatture passive: numero di protocollo trasmesso</Help>
            <Name>Sincronizzato con Credemtel</Name>
            <Placeholder/>
            <AD_Language>it_IT</AD_Language>
            <IsActive>Y</IsActive>
            <IsTranslated>Y</IsTranslated>
        </AD_Field_Trl>
    </AD_Field>
    <AD_Menu type="table">
        <SeqNo>1000</SeqNo>
        <AD_Client_ID>0</AD_Client_ID>
        <AD_Org_ID>0</AD_Org_ID>
        <Name>To Credemtel </Name>
        <Description>Sending to Credemtel xml so invoices and csv po invoices</Description>
        <Action>P</Action>
        <AD_Window_ID reference="id"/>
        <AD_Workflow_ID reference="id"/>
        <AD_Task_ID reference="id"/>
        <IsActive>Y</IsActive>
        <IsSummary>N</IsSummary>
        <AD_Process_ID reference="uuid" reference-key="AD_Process">5342acc7-cfcf-4ca9-9d63-439bb84f843f</AD_Process_ID>
        <IsSOTrx>Y</IsSOTrx>
        <AD_Form_ID reference="id"/>
        <IsReadOnly>N</IsReadOnly>
        <EntityType>msspa</EntityType>
        <IsCentrallyMaintained>Y</IsCentrallyMaintained>
        <AD_Menu_UU>3f41280c-b0fe-47bd-a7a4-85760772fbed</AD_Menu_UU>
        <AD_InfoWindow_ID reference="id"/>
        <PredefinedContextVariables/>
        <AD_Menu_Trl type="translation">
            <Description/>
            <Name>To Credemtel</Name>
            <AD_Language>fr_FR</AD_Language>
            <IsActive>Y</IsActive>
            <IsTranslated>N</IsTranslated>
        </AD_Menu_Trl>
        <AD_Menu_Trl type="translation">
            <Description/>
            <Name>To Credemtel</Name>
            <AD_Language>es_ES</AD_Language>
            <IsActive>Y</IsActive>
            <IsTranslated>N</IsTranslated>
        </AD_Menu_Trl>
        <AD_Menu_Trl type="translation">
            <Description>Invio a Credemtel xml fatture attive e csv protocollazione fatture passive</Description>
            <Name>Trasmissione a Credemtel</Name>
            <AD_Language>it_IT</AD_Language>
            <IsActive>Y</IsActive>
            <IsTranslated>Y</IsTranslated>
        </AD_Menu_Trl>
        <AD_Menu_Trl type="translation">
            <Description/>
            <Name>To Credemtel</Name>
            <AD_Language>de_DE</AD_Language>
            <IsActive>Y</IsActive>
            <IsTranslated>N</IsTranslated>
        </AD_Menu_Trl>
    </AD_Menu>
    <AD_Process type="table">
        <AD_Client_ID>0</AD_Client_ID>
        <AD_Org_ID>0</AD_Org_ID>
        <IsActive>Y</IsActive>
        <Name>From Credemtel </Name>
        <Description>Sending to Credemtel xml so invoices and csv po invoices</Description>
        <Help/>
        <ProcedureName/>
        <IsReport>N</IsReport>
        <Value>10000002</Value>
        <IsDirectPrint>N</IsDirectPrint>
        <AD_ReportView_ID reference="id"/>
        <Classname>com.metalsistem.credemsftp.FromCredemProcess</Classname>
        <AccessLevel>3</AccessLevel>
        <EntityType>msspa</EntityType>
        <Statistic_Count>286</Statistic_Count>
        <Statistic_Seconds>9767</Statistic_Seconds>
        <AD_PrintFormat_ID reference="id"/>
        <WorkflowValue/>
        <AD_Workflow_ID reference="id"/>
        <IsBetaFunctionality>N</IsBetaFunctionality>
        <ShowHelp>Y</ShowHelp>
        <JasperReport/>
        <AD_Form_ID reference="id"/>
        <CopyFromProcess>N</CopyFromProcess>
        <AD_Process_UU>db19ae53-99de-4b00-94c2-d490cb066984</AD_Process_UU>
        <AD_CtxHelp_ID reference="id"/>
        <ExecutionType/>
        <AllowMultipleExecution>P</AllowMultipleExecution>
        <FileNamePattern/>
        <AD_Image_ID reference="id"/>
        <LIT_isBatchPrint>N</LIT_isBatchPrint>
        <ParameterValue/>
        <IsMultiRowOnly>N</IsMultiRowOnly>
        <AD_Process_Trl type="translation">
            <Description>Receiving from Credemtel xml po invoices</Description>
            <Help/>
            <Name>From Credemtel</Name>
            <AD_Language>fr_FR</AD_Language>
            <IsActive>Y</IsActive>
            <IsTranslated>N</IsTranslated>
        </AD_Process_Trl>
        <AD_Process_Trl type="translation">
            <Description>Receiving from Credemtel xml po invoices</Description>
            <Help/>
            <Name>From Credemtel</Name>
            <AD_Language>es_ES</AD_Language>
            <IsActive>Y</IsActive>
            <IsTranslated>N</IsTranslated>
        </AD_Process_Trl>
        <AD_Process_Trl type="translation">
            <Description>Receiving from Credemtel xml po invoices</Description>
            <Help/>
            <Name>From Credemtel</Name>
            <AD_Language>it_IT</AD_Language>
            <IsActive>Y</IsActive>
            <IsTranslated>N</IsTranslated>
        </AD_Process_Trl>
        <AD_Process_Trl type="translation">
            <Description>Receiving from Credemtel xml po invoices</Description>
            <Help/>
            <Name>From Credemtel</Name>
            <AD_Language>de_DE</AD_Language>
            <IsActive>Y</IsActive>
            <IsTranslated>N</IsTranslated>
        </AD_Process_Trl>
        <AD_Process_Para type="table">
            <AD_Client_ID>0</AD_Client_ID>
            <AD_Org_ID>0</AD_Org_ID>
            <IsActive>Y</IsActive>
            <Name>Username</Name>
            <Description/>
            <Help/>
            <AD_Process_ID reference="uuid" reference-key="AD_Process">db19ae53-99de-4b00-94c2-d490cb066984</AD_Process_ID>
            <SeqNo>10</SeqNo>
            <AD_Reference_ID reference="id">10</AD_Reference_ID>
            <AD_Reference_Value_ID reference="id"/>
            <IsRange>N</IsRange>
            <AD_Val_Rule_ID reference="id"/>
            <FieldLength>30</FieldLength>
            <IsMandatory>Y</IsMandatory>
            <DefaultValue/>
            <VFormat/>
            <ValueMin/>
            <ValueMax/>
            <ColumnName>Username</ColumnName>
            <DefaultValue2/>
            <IsCentrallyMaintained>N</IsCentrallyMaintained>
            <EntityType>cnet</EntityType>
            <AD_Element_ID reference="id"/>
            <ReadOnlyLogic/>
            <DisplayLogic/>
            <AD_Process_Para_UU>b7440a49-fcd5-451c-a8c6-3441a704e4b8</AD_Process_Para_UU>
            <IsEncrypted>N</IsEncrypted>
            <MandatoryLogic/>
            <Query/>
            <AD_FieldGroup_ID reference="id"/>
            <Placeholder/>
            <Placeholder2/>
            <IsAutocomplete>N</IsAutocomplete>
            <DateRangeOption>D</DateRangeOption>
            <IsShowNegateButton>N</IsShowNegateButton>
            <AD_Process_Para_Trl type="translation">
                <Description/>
                <Help/>
                <Name>Username</Name>
                <Placeholder/>
                <Placeholder2/>
                <AD_Language>fr_FR</AD_Language>
                <IsActive>Y</IsActive>
                <IsTranslated>N</IsTranslated>
            </AD_Process_Para_Trl>
            <AD_Process_Para_Trl type="translation">
                <Description/>
                <Help/>
                <Name>Username</Name>
                <Placeholder/>
                <Placeholder2/>
                <AD_Language>es_ES</AD_Language>
                <IsActive>Y</IsActive>
                <IsTranslated>N</IsTranslated>
            </AD_Process_Para_Trl>
            <AD_Process_Para_Trl type="translation">
                <Description/>
                <Help/>
                <Name>Username</Name>
                <Placeholder/>
                <Placeholder2/>
                <AD_Language>it_IT</AD_Language>
                <IsActive>Y</IsActive>
                <IsTranslated>Y</IsTranslated>
            </AD_Process_Para_Trl>
            <AD_Process_Para_Trl type="translation">
                <Description/>
                <Help/>
                <Name>Username</Name>
                <Placeholder/>
                <Placeholder2/>
                <AD_Language>de_DE</AD_Language>
                <IsActive>Y</IsActive>
                <IsTranslated>N</IsTranslated>
            </AD_Process_Para_Trl>
        </AD_Process_Para>
        <AD_Process_Para type="table">
            <AD_Client_ID>0</AD_Client_ID>
            <AD_Org_ID>0</AD_Org_ID>
            <IsActive>Y</IsActive>
            <Name>Password</Name>
            <Description/>
            <Help/>
            <AD_Process_ID reference="uuid" reference-key="AD_Process">db19ae53-99de-4b00-94c2-d490cb066984</AD_Process_ID>
            <SeqNo>20</SeqNo>
            <AD_Reference_ID reference="id">10</AD_Reference_ID>
            <AD_Reference_Value_ID reference="id"/>
            <IsRange>N</IsRange>
            <AD_Val_Rule_ID reference="id"/>
            <FieldLength>30</FieldLength>
            <IsMandatory>Y</IsMandatory>
            <DefaultValue/>
            <VFormat/>
            <ValueMin/>
            <ValueMax/>
            <ColumnName>Password</ColumnName>
            <DefaultValue2/>
            <IsCentrallyMaintained>N</IsCentrallyMaintained>
            <EntityType>cnet</EntityType>
            <AD_Element_ID reference="id"/>
            <ReadOnlyLogic/>
            <DisplayLogic/>
            <AD_Process_Para_UU>f886d306-af24-4c05-8389-44876cb8f597</AD_Process_Para_UU>
            <IsEncrypted>N</IsEncrypted>
            <MandatoryLogic/>
            <Query/>
            <AD_FieldGroup_ID reference="id"/>
            <Placeholder/>
            <Placeholder2/>
            <IsAutocomplete>N</IsAutocomplete>
            <DateRangeOption>D</DateRangeOption>
            <IsShowNegateButton>N</IsShowNegateButton>
            <AD_Process_Para_Trl type="translation">
                <Description/>
                <Help/>
                <Name>Password</Name>
                <Placeholder/>
                <Placeholder2/>
                <AD_Language>de_DE</AD_Language>
                <IsActive>Y</IsActive>
                <IsTranslated>N</IsTranslated>
            </AD_Process_Para_Trl>
            <AD_Process_Para_Trl type="translation">
                <Description/>
                <Help/>
                <Name>Password</Name>
                <Placeholder/>
                <Placeholder2/>
                <AD_Language>it_IT</AD_Language>
                <IsActive>Y</IsActive>
                <IsTranslated>Y</IsTranslated>
            </AD_Process_Para_Trl>
            <AD_Process_Para_Trl type="translation">
                <Description/>
                <Help/>
                <Name>Password</Name>
                <Placeholder/>
                <Placeholder2/>
                <AD_Language>es_ES</AD_Language>
                <IsActive>Y</IsActive>
                <IsTranslated>N</IsTranslated>
            </AD_Process_Para_Trl>
            <AD_Process_Para_Trl type="translation">
                <Description/>
                <Help/>
                <Name>Password</Name>
                <Placeholder/>
                <Placeholder2/>
                <AD_Language>fr_FR</AD_Language>
                <IsActive>Y</IsActive>
                <IsTranslated>N</IsTranslated>
            </AD_Process_Para_Trl>
        </AD_Process_Para>
        <AD_Process_Para type="table">
            <AD_Client_ID>0</AD_Client_ID>
            <AD_Org_ID>0</AD_Org_ID>
            <IsActive>Y</IsActive>
            <Name>Sftp Address</Name>
            <Description/>
            <Help/>
            <AD_Process_ID reference="uuid" reference-key="AD_Process">db19ae53-99de-4b00-94c2-d490cb066984</AD_Process_ID>
            <SeqNo>30</SeqNo>
            <AD_Reference_ID reference="id">10</AD_Reference_ID>
            <AD_Reference_Value_ID reference="id"/>
            <IsRange>N</IsRange>
            <AD_Val_Rule_ID reference="id"/>
            <FieldLength>50</FieldLength>
            <IsMandatory>Y</IsMandatory>
            <DefaultValue>sftp.credemtel.it</DefaultValue>
            <VFormat/>
            <ValueMin/>
            <ValueMax/>
            <ColumnName>SftpAddress</ColumnName>
            <DefaultValue2/>
            <IsCentrallyMaintained>N</IsCentrallyMaintained>
            <EntityType>cnet</EntityType>
            <AD_Element_ID reference="id"/>
            <ReadOnlyLogic/>
            <DisplayLogic/>
            <AD_Process_Para_UU>781aee4d-a79e-4172-b118-5e6f9f0be487</AD_Process_Para_UU>
            <IsEncrypted>N</IsEncrypted>
            <MandatoryLogic/>
            <Query/>
            <AD_FieldGroup_ID reference="id"/>
            <Placeholder/>
            <Placeholder2/>
            <IsAutocomplete>N</IsAutocomplete>
            <DateRangeOption>D</DateRangeOption>
            <IsShowNegateButton>N</IsShowNegateButton>
            <AD_Process_Para_Trl type="translation">
                <Description/>
                <Help/>
                <Name>Indirizzo sftp</Name>
                <Placeholder/>
                <Placeholder2/>
                <AD_Language>it_IT</AD_Language>
                <IsActive>Y</IsActive>
                <IsTranslated>Y</IsTranslated>
            </AD_Process_Para_Trl>
            <AD_Process_Para_Trl type="translation">
                <Description/>
                <Help/>
                <Name>Sftp Address</Name>
                <Placeholder/>
                <Placeholder2/>
                <AD_Language>de_DE</AD_Language>
                <IsActive>Y</IsActive>
                <IsTranslated>N</IsTranslated>
            </AD_Process_Para_Trl>
            <AD_Process_Para_Trl type="translation">
                <Description/>
                <Help/>
                <Name>Sftp Address</Name>
                <Placeholder/>
                <Placeholder2/>
                <AD_Language>es_ES</AD_Language>
                <IsActive>Y</IsActive>
                <IsTranslated>N</IsTranslated>
            </AD_Process_Para_Trl>
            <AD_Process_Para_Trl type="translation">
                <Description/>
                <Help/>
                <Name>Sftp Address</Name>
                <Placeholder/>
                <Placeholder2/>
                <AD_Language>fr_FR</AD_Language>
                <IsActive>Y</IsActive>
                <IsTranslated>N</IsTranslated>
            </AD_Process_Para_Trl>
        </AD_Process_Para>
        <AD_Process_Para type="table">
            <AD_Client_ID>0</AD_Client_ID>
            <AD_Org_ID>0</AD_Org_ID>
            <IsActive>Y</IsActive>
            <Name>Sftp Port</Name>
            <Description/>
            <Help/>
            <AD_Process_ID reference="uuid" reference-key="AD_Process">db19ae53-99de-4b00-94c2-d490cb066984</AD_Process_ID>
            <SeqNo>40</SeqNo>
            <AD_Reference_ID reference="id">11</AD_Reference_ID>
            <AD_Reference_Value_ID reference="id"/>
            <IsRange>N</IsRange>
            <AD_Val_Rule_ID reference="id"/>
            <FieldLength>0</FieldLength>
            <IsMandatory>Y</IsMandatory>
            <DefaultValue>22</DefaultValue>
            <VFormat/>
            <ValueMin/>
            <ValueMax/>
            <ColumnName>SftpPort</ColumnName>
            <DefaultValue2/>
            <IsCentrallyMaintained>N</IsCentrallyMaintained>
            <EntityType>cnet</EntityType>
            <AD_Element_ID reference="id"/>
            <ReadOnlyLogic/>
            <DisplayLogic/>
            <AD_Process_Para_UU>99be4d4d-787b-4692-93f1-179b7019fa3b</AD_Process_Para_UU>
            <IsEncrypted>N</IsEncrypted>
            <MandatoryLogic/>
            <Query/>
            <AD_FieldGroup_ID reference="id"/>
            <Placeholder/>
            <Placeholder2/>
            <IsAutocomplete>N</IsAutocomplete>
            <DateRangeOption>D</DateRangeOption>
            <IsShowNegateButton>N</IsShowNegateButton>
            <AD_Process_Para_Trl type="translation">
                <Description/>
                <Help/>
                <Name>Sftp Port</Name>
                <Placeholder/>
                <Placeholder2/>
                <AD_Language>fr_FR</AD_Language>
                <IsActive>Y</IsActive>
                <IsTranslated>N</IsTranslated>
            </AD_Process_Para_Trl>
            <AD_Process_Para_Trl type="translation">
                <Description/>
                <Help/>
                <Name>Sftp Port</Name>
                <Placeholder/>
                <Placeholder2/>
                <AD_Language>es_ES</AD_Language>
                <IsActive>Y</IsActive>
                <IsTranslated>N</IsTranslated>
            </AD_Process_Para_Trl>
            <AD_Process_Para_Trl type="translation">
                <Description/>
                <Help/>
                <Name>Porta sftp</Name>
                <Placeholder/>
                <Placeholder2/>
                <AD_Language>it_IT</AD_Language>
                <IsActive>Y</IsActive>
                <IsTranslated>Y</IsTranslated>
            </AD_Process_Para_Trl>
            <AD_Process_Para_Trl type="translation">
                <Description/>
                <Help/>
                <Name>Sftp Port</Name>
                <Placeholder/>
                <Placeholder2/>
                <AD_Language>de_DE</AD_Language>
                <IsActive>Y</IsActive>
                <IsTranslated>N</IsTranslated>
            </AD_Process_Para_Trl>
        </AD_Process_Para>
        <AD_Process_Para type="table">
            <AD_Client_ID>0</AD_Client_ID>
            <AD_Org_ID>0</AD_Org_ID>
            <IsActive>Y</IsActive>
            <Name>Certificate Fingerprint</Name>
            <Description/>
            <Help/>
            <AD_Process_ID reference="uuid" reference-key="AD_Process">db19ae53-99de-4b00-94c2-d490cb066984</AD_Process_ID>
            <SeqNo>50</SeqNo>
            <AD_Reference_ID reference="id">10</AD_Reference_ID>
            <AD_Reference_Value_ID reference="id"/>
            <IsRange>N</IsRange>
            <AD_Val_Rule_ID reference="id"/>
            <FieldLength>100</FieldLength>
            <IsMandatory>Y</IsMandatory>
            <DefaultValue/>
            <VFormat/>
            <ValueMin/>
            <ValueMax/>
            <ColumnName>CertificateFingerprint</ColumnName>
            <DefaultValue2/>
            <IsCentrallyMaintained>N</IsCentrallyMaintained>
            <EntityType>cnet</EntityType>
            <AD_Element_ID reference="id"/>
            <ReadOnlyLogic/>
            <DisplayLogic/>
            <AD_Process_Para_UU>db826133-1a85-4e19-878c-016f990494dd</AD_Process_Para_UU>
            <IsEncrypted>N</IsEncrypted>
            <MandatoryLogic/>
            <Query/>
            <AD_FieldGroup_ID reference="id"/>
            <Placeholder/>
            <Placeholder2/>
            <IsAutocomplete>N</IsAutocomplete>
            <DateRangeOption>D</DateRangeOption>
            <IsShowNegateButton>N</IsShowNegateButton>
            <AD_Process_Para_Trl type="translation">
                <Description/>
                <Help/>
                <Name>Certificate Fingerprint</Name>
                <Placeholder/>
                <Placeholder2/>
                <AD_Language>fr_FR</AD_Language>
                <IsActive>Y</IsActive>
                <IsTranslated>N</IsTranslated>
            </AD_Process_Para_Trl>
            <AD_Process_Para_Trl type="translation">
                <Description/>
                <Help/>
                <Name>Certificate Fingerprint</Name>
                <Placeholder/>
                <Placeholder2/>
                <AD_Language>es_ES</AD_Language>
                <IsActive>Y</IsActive>
                <IsTranslated>N</IsTranslated>
            </AD_Process_Para_Trl>
            <AD_Process_Para_Trl type="translation">
                <Description/>
                <Help/>
                <Name>Fingerprint certificato</Name>
                <Placeholder/>
                <Placeholder2/>
                <AD_Language>it_IT</AD_Language>
                <IsActive>Y</IsActive>
                <IsTranslated>Y</IsTranslated>
            </AD_Process_Para_Trl>
            <AD_Process_Para_Trl type="translation">
                <Description/>
                <Help/>
                <Name>Certificate Fingerprint</Name>
                <Placeholder/>
                <Placeholder2/>
                <AD_Language>de_DE</AD_Language>
                <IsActive>Y</IsActive>
                <IsTranslated>N</IsTranslated>
            </AD_Process_Para_Trl>
        </AD_Process_Para>
        <AD_Process_Para type="table">
            <AD_Client_ID>0</AD_Client_ID>
            <AD_Org_ID>0</AD_Org_ID>
            <IsActive>Y</IsActive>
            <Name>SIA code</Name>
            <Description/>
            <Help/>
            <AD_Process_ID reference="uuid" reference-key="AD_Process">db19ae53-99de-4b00-94c2-d490cb066984</AD_Process_ID>
            <SeqNo>60</SeqNo>
            <AD_Reference_ID reference="id">10</AD_Reference_ID>
            <AD_Reference_Value_ID reference="id"/>
            <IsRange>N</IsRange>
            <AD_Val_Rule_ID reference="id"/>
            <FieldLength>10</FieldLength>
            <IsMandatory>Y</IsMandatory>
            <DefaultValue/>
            <VFormat/>
            <ValueMin/>
            <ValueMax/>
            <ColumnName>SiaCode</ColumnName>
            <DefaultValue2/>
            <IsCentrallyMaintained>N</IsCentrallyMaintained>
            <EntityType>cnet</EntityType>
            <AD_Element_ID reference="id"/>
            <ReadOnlyLogic/>
            <DisplayLogic/>
            <AD_Process_Para_UU>a778b615-97c2-47cb-94ce-774a70e99fe4</AD_Process_Para_UU>
            <IsEncrypted>N</IsEncrypted>
            <MandatoryLogic/>
            <Query/>
            <AD_FieldGroup_ID reference="id"/>
            <Placeholder/>
            <Placeholder2/>
            <IsAutocomplete>N</IsAutocomplete>
            <DateRangeOption>D</DateRangeOption>
            <IsShowNegateButton>N</IsShowNegateButton>
            <AD_Process_Para_Trl type="translation">
                <Description/>
                <Help/>
                <Name>Sia code</Name>
                <Placeholder/>
                <Placeholder2/>
                <AD_Language>es_ES</AD_Language>
                <IsActive>Y</IsActive>
                <IsTranslated>N</IsTranslated>
            </AD_Process_Para_Trl>
            <AD_Process_Para_Trl type="translation">
                <Description/>
                <Help/>
                <Name>Sia code</Name>
                <Placeholder/>
                <Placeholder2/>
                <AD_Language>fr_FR</AD_Language>
                <IsActive>Y</IsActive>
                <IsTranslated>N</IsTranslated>
            </AD_Process_Para_Trl>
            <AD_Process_Para_Trl type="translation">
                <Description/>
                <Help/>
                <Name>Codice SIA</Name>
                <Placeholder/>
                <Placeholder2/>
                <AD_Language>it_IT</AD_Language>
                <IsActive>Y</IsActive>
                <IsTranslated>Y</IsTranslated>
            </AD_Process_Para_Trl>
            <AD_Process_Para_Trl type="translation">
                <Description/>
                <Help/>
                <Name>Sia code</Name>
                <Placeholder/>
                <Placeholder2/>
                <AD_Language>de_DE</AD_Language>
                <IsActive>Y</IsActive>
                <IsTranslated>N</IsTranslated>
            </AD_Process_Para_Trl>
        </AD_Process_Para>
        <AD_Process_Para type="table">
            <AD_Client_ID>0</AD_Client_ID>
            <AD_Org_ID>0</AD_Org_ID>
            <IsActive>Y</IsActive>
            <Name>Path</Name>
            <Description/>
            <Help>Sftp directory where so invoices are located. Typically this is the folder RX/. Remember to end with / </Help>
            <AD_Process_ID reference="uuid" reference-key="AD_Process">db19ae53-99de-4b00-94c2-d490cb066984</AD_Process_ID>
            <SeqNo>90</SeqNo>
            <AD_Reference_ID reference="id">10</AD_Reference_ID>
            <AD_Reference_Value_ID reference="id"/>
            <IsRange>N</IsRange>
            <AD_Val_Rule_ID reference="id"/>
            <FieldLength>20</FieldLength>
            <IsMandatory>Y</IsMandatory>
            <DefaultValue/>
            <VFormat/>
            <ValueMin/>
            <ValueMax/>
            <ColumnName>Path</ColumnName>
            <DefaultValue2/>
            <IsCentrallyMaintained>N</IsCentrallyMaintained>
            <EntityType>cnet</EntityType>
            <AD_Element_ID reference="id"/>
            <ReadOnlyLogic/>
            <DisplayLogic/>
            <AD_Process_Para_UU>d1e745f8-9d3f-4e14-a18d-59b3d465d7e0</AD_Process_Para_UU>
            <IsEncrypted>N</IsEncrypted>
            <MandatoryLogic/>
            <Query/>
            <AD_FieldGroup_ID reference="id"/>
            <Placeholder/>
            <Placeholder2/>
            <IsAutocomplete>N</IsAutocomplete>
            <DateRangeOption>D</DateRangeOption>
            <IsShowNegateButton>N</IsShowNegateButton>
            <AD_Process_Para_Trl type="translation">
                <Description/>
                <Help/>
                <Name>Out Path</Name>
                <Placeholder/>
                <Placeholder2/>
                <AD_Language>fr_FR</AD_Language>
                <IsActive>Y</IsActive>
                <IsTranslated>N</IsTranslated>
            </AD_Process_Para_Trl>
            <AD_Process_Para_Trl type="translation">
                <Description/>
                <Help/>
                <Name>Out Path</Name>
                <Placeholder/>
                <Placeholder2/>
                <AD_Language>es_ES</AD_Language>
                <IsActive>Y</IsActive>
                <IsTranslated>N</IsTranslated>
            </AD_Process_Para_Trl>
            <AD_Process_Para_Trl type="translation">
                <Description/>
                <Help>Percorso su sftp in cui si trovano le fatture attive. Tipicamente è la cartella RX/. Ricordarsi di terminare con /</Help>
                <Name>Percorso trasmissione</Name>
                <Placeholder/>
                <Placeholder2/>
                <AD_Language>it_IT</AD_Language>
                <IsActive>Y</IsActive>
                <IsTranslated>N</IsTranslated>
            </AD_Process_Para_Trl>
            <AD_Process_Para_Trl type="translation">
                <Description/>
                <Help/>
                <Name>Out Path</Name>
                <Placeholder/>
                <Placeholder2/>
                <AD_Language>de_DE</AD_Language>
                <IsActive>Y</IsActive>
                <IsTranslated>N</IsTranslated>
            </AD_Process_Para_Trl>
        </AD_Process_Para>
    </AD_Process>
    <AD_Menu type="table">
        <SeqNo>999</SeqNo>
        <AD_Client_ID>0</AD_Client_ID>
        <AD_Org_ID>0</AD_Org_ID>
        <Name>Ricezione da Credemtel</Name>
        <Description>Receiving from Credemtel xml so invoices and csv po invoices</Description>
        <Action>P</Action>
        <AD_Window_ID reference="id"/>
        <AD_Workflow_ID reference="id"/>
        <AD_Task_ID reference="id"/>
        <IsActive>Y</IsActive>
        <IsSummary>N</IsSummary>
        <AD_Process_ID reference="uuid" reference-key="AD_Process">db19ae53-99de-4b00-94c2-d490cb066984</AD_Process_ID>
        <IsSOTrx>Y</IsSOTrx>
        <AD_Form_ID reference="id"/>
        <IsReadOnly>N</IsReadOnly>
        <EntityType>msspa</EntityType>
        <IsCentrallyMaintained>Y</IsCentrallyMaintained>
        <AD_Menu_UU>b7a8dc4e-e8c9-48b5-aceb-1374ba15a7a3</AD_Menu_UU>
        <AD_InfoWindow_ID reference="id"/>
        <PredefinedContextVariables/>
        <AD_Menu_Trl type="translation">
            <Description>Receiving from Credemtel xml so invoices and csv po invoices</Description>
            <Name>From Credemtel</Name>
            <AD_Language>fr_FR</AD_Language>
            <IsActive>Y</IsActive>
            <IsTranslated>N</IsTranslated>
        </AD_Menu_Trl>
        <AD_Menu_Trl type="translation">
            <Description>Receiving from Credemtel xml so invoices and csv po invoices</Description>
            <Name>From Credemtel</Name>
            <AD_Language>es_ES</AD_Language>
            <IsActive>Y</IsActive>
            <IsTranslated>N</IsTranslated>
        </AD_Menu_Trl>
        <AD_Menu_Trl type="translation">
            <Description>Receiving from Credemtel xml so invoices and csv po invoices</Description>
            <Name>From Credemtel</Name>
            <AD_Language>it_IT</AD_Language>
            <IsActive>Y</IsActive>
            <IsTranslated>N</IsTranslated>
        </AD_Menu_Trl>
        <AD_Menu_Trl type="translation">
            <Description>Receiving from Credemtel xml so invoices and csv po invoices</Description>
            <Name>From Credemtel</Name>
            <AD_Language>de_DE</AD_Language>
            <IsActive>Y</IsActive>
            <IsTranslated>N</IsTranslated>
        </AD_Menu_Trl>
    </AD_Menu>
</idempiere>
